[{"model": "admin.logentry", "pk": 1, "fields": {"action_time": "2024-09-18T08:17:28.531Z", "user": 1, "content_type": 13, "object_id": "1", "object_repr": "Classification Website (Order:4): Website Query", "action_flag": 1, "change_message": "[{\"added\": {}}]"}}, {"model": "admin.logentry", "pk": 2, "fields": {"action_time": "2024-09-18T08:18:01.694Z", "user": 1, "content_type": 13, "object_id": "1", "object_repr": "Classification Website (Order:4): Website Query", "action_flag": 3, "change_message": ""}}, {"model": "admin.logentry", "pk": 3, "fields": {"action_time": "2024-09-18T08:18:39.595Z", "user": 1, "content_type": 13, "object_id": "2", "object_repr": "Classification Short Eats (Order:1): Snacks and Entrees", "action_flag": 1, "change_message": "[{\"added\": {}}]"}}, {"model": "admin.logentry", "pk": 4, "fields": {"action_time": "2024-09-18T08:19:06.378Z", "user": 1, "content_type": 13, "object_id": "3", "object_repr": "Classification Vegetable (Order:3): Vegetable Dishes", "action_flag": 1, "change_message": "[{\"added\": {}}]"}}, {"model": "admin.logentry", "pk": 5, "fields": {"action_time": "2024-09-18T08:19:17.250Z", "user": 1, "content_type": 13, "object_id": "2", "object_repr": "Classification Short Eats (Order:1): Snacks and Entrees", "action_flag": 2, "change_message": "[]"}}, {"model": "admin.logentry", "pk": 6, "fields": {"action_time": "2024-09-18T08:20:09.066Z", "user": 1, "content_type": 13, "object_id": "4", "object_repr": "Classification Chef Specialty (Order:2): Special dishes", "action_flag": 1, "change_message": "[{\"added\": {}}]"}}, {"model": "admin.logentry", "pk": 7, "fields": {"action_time": "2024-09-18T08:20:21.031Z", "user": 1, "content_type": 13, "object_id": "5", "object_repr": "Classification Chicken (Order:4): Chicken Dishes", "action_flag": 1, "change_message": "[{\"added\": {}}]"}}, {"model": "admin.logentry", "pk": 8, "fields": {"action_time": "2024-09-18T08:20:28.207Z", "user": 1, "content_type": 13, "object_id": "6", "object_repr": "Classification Meat (Order:5): Meat Dishes", "action_flag": 1, "change_message": "[{\"added\": {}}]"}}, {"model": "admin.logentry", "pk": 9, "fields": {"action_time": "2024-09-18T08:20:36.793Z", "user": 1, "content_type": 13, "object_id": "7", "object_repr": "Classification Seafood (Order:6): Seafood Dishes", "action_flag": 1, "change_message": "[{\"added\": {}}]"}}, {"model": "admin.logentry", "pk": 10, "fields": {"action_time": "2024-09-18T08:21:02.897Z", "user": 1, "content_type": 13, "object_id": "8", "object_repr": "Classification Rice (Order:7): Rice Dishes", "action_flag": 1, "change_message": "[{\"added\": {}}]"}}, {"model": "admin.logentry", "pk": 11, "fields": {"action_time": "2024-09-18T08:21:24.215Z", "user": 1, "content_type": 13, "object_id": "9", "object_repr": "Classification Dessert (Order:9): Desserts", "action_flag": 1, "change_message": "[{\"added\": {}}]"}}, {"model": "admin.logentry", "pk": 12, "fields": {"action_time": "2024-09-18T08:21:35.166Z", "user": 1, "content_type": 13, "object_id": "9", "object_repr": "Classification Dessert (Order:8): Desserts", "action_flag": 2, "change_message": "[{\"changed\": {\"fields\": [\"Order\"]}}]"}}, {"model": "admin.logentry", "pk": 13, "fields": {"action_time": "2024-09-18T08:23:17.741Z", "user": 1, "content_type": 14, "object_id": "1", "object_repr": "1 - Food Review", "action_flag": 1, "change_message": "[{\"added\": {}}]"}}, {"model": "admin.logentry", "pk": 14, "fields": {"action_time": "2024-09-18T08:23:43.946Z", "user": 1, "content_type": 14, "object_id": "2", "object_repr": "2 - Feedback", "action_flag": 1, "change_message": "[{\"added\": {}}]"}}, {"model": "admin.logentry", "pk": 15, "fields": {"action_time": "2024-09-18T08:24:17.681Z", "user": 1, "content_type": 14, "object_id": "3", "object_repr": "3 - Question", "action_flag": 1, "change_message": "[{\"added\": {}}]"}}, {"model": "admin.logentry", "pk": 16, "fields": {"action_time": "2024-09-18T08:24:25.843Z", "user": 1, "content_type": 14, "object_id": "4", "object_repr": "4 - Website", "action_flag": 1, "change_message": "[{\"added\": {}}]"}}, {"model": "admin.logentry", "pk": 17, "fields": {"action_time": "2024-09-18T08:25:14.858Z", "user": 1, "content_type": 16, "object_id": "1", "object_repr": "1 - Food", "action_flag": 1, "change_message": "[{\"added\": {}}]"}}, {"model": "admin.logentry", "pk": 18, "fields": {"action_time": "2024-09-18T08:25:25.549Z", "user": 1, "content_type": 16, "object_id": "2", "object_repr": "2 - Delivery", "action_flag": 1, "change_message": "[{\"added\": {}}]"}}, {"model": "admin.logentry", "pk": 19, "fields": {"action_time": "2024-09-18T08:25:35.352Z", "user": 1, "content_type": 16, "object_id": "3", "object_repr": "3 - Website", "action_flag": 1, "change_message": "[{\"added\": {}}]"}}, {"model": "admin.logentry", "pk": 20, "fields": {"action_time": "2024-09-18T08:26:05.597Z", "user": 1, "content_type": 16, "object_id": "4", "object_repr": "4 - Complaints", "action_flag": 1, "change_message": "[{\"added\": {}}]"}}, {"model": "admin.logentry", "pk": 21, "fields": {"action_time": "2024-09-18T08:28:33.563Z", "user": 1, "content_type": 9, "object_id": "1", "object_repr": "Chicken Satay", "action_flag": 1, "change_message": "[{\"added\": {}}]"}}, {"model": "admin.logentry", "pk": 22, "fields": {"action_time": "2024-09-18T08:29:49.963Z", "user": 1, "content_type": 9, "object_id": "1", "object_repr": "Chicken Satay", "action_flag": 2, "change_message": "[{\"changed\": {\"fields\": [\"Image\"]}}]"}}, {"model": "admin.logentry", "pk": 23, "fields": {"action_time": "2024-09-18T08:30:15.677Z", "user": 1, "content_type": 9, "object_id": "1", "object_repr": "Chicken Satay", "action_flag": 2, "change_message": "[{\"changed\": {\"fields\": [\"Description\"]}}]"}}, {"model": "admin.logentry", "pk": 24, "fields": {"action_time": "2024-09-18T08:32:51.264Z", "user": 1, "content_type": 9, "object_id": "2", "object_repr": "Meat Curry", "action_flag": 1, "change_message": "[{\"added\": {}}]"}}, {"model": "admin.logentry", "pk": 25, "fields": {"action_time": "2024-09-18T08:33:55.135Z", "user": 1, "content_type": 9, "object_id": "3", "object_repr": "Chicken Curry", "action_flag": 1, "change_message": "[{\"added\": {}}]"}}, {"model": "admin.logentry", "pk": 26, "fields": {"action_time": "2024-09-18T08:36:29.350Z", "user": 1, "content_type": 9, "object_id": "4", "object_repr": "Prawn Curry", "action_flag": 1, "change_message": "[{\"added\": {}}]"}}, {"model": "admin.logentry", "pk": 27, "fields": {"action_time": "2024-09-18T08:42:47.369Z", "user": 1, "content_type": 9, "object_id": "5", "object_repr": "Lamprais", "action_flag": 1, "change_message": "[{\"added\": {}}]"}}, {"model": "admin.logentry", "pk": 28, "fields": {"action_time": "2024-09-18T08:43:39.320Z", "user": 1, "content_type": 9, "object_id": "6", "object_repr": "Bowl of Kisses", "action_flag": 1, "change_message": "[{\"added\": {}}]"}}, {"model": "admin.logentry", "pk": 29, "fields": {"action_time": "2024-09-18T08:45:24.565Z", "user": 1, "content_type": 9, "object_id": "7", "object_repr": "Leek Curry", "action_flag": 1, "change_message": "[{\"added\": {}}]"}}, {"model": "admin.logentry", "pk": 30, "fields": {"action_time": "2024-09-18T08:46:28.860Z", "user": 1, "content_type": 9, "object_id": "8", "object_repr": "Yellow Rice", "action_flag": 1, "change_message": "[{\"added\": {}}]"}}, {"model": "admin.logentry", "pk": 31, "fields": {"action_time": "2024-09-18T08:48:55.775Z", "user": 1, "content_type": 9, "object_id": "9", "object_repr": "Potato Vegetable Curry", "action_flag": 1, "change_message": "[{\"added\": {}}]"}}, {"model": "admin.logentry", "pk": 32, "fields": {"action_time": "2024-09-18T08:50:48.034Z", "user": 1, "content_type": 9, "object_id": "10", "object_repr": "Bean Curry", "action_flag": 1, "change_message": "[{\"added\": {}}]"}}, {"model": "admin.logentry", "pk": 33, "fields": {"action_time": "2024-09-18T08:53:20.292Z", "user": 1, "content_type": 9, "object_id": "11", "object_repr": "Sausage Curry", "action_flag": 1, "change_message": "[{\"added\": {}}]"}}, {"model": "admin.logentry", "pk": 34, "fields": {"action_time": "2024-09-19T01:14:27.253Z", "user": 1, "content_type": 13, "object_id": "4", "object_repr": "Classification Specialty (Order:2): Chef Specialty dishes", "action_flag": 2, "change_message": "[{\"changed\": {\"fields\": [\"Name\", \"Description\"]}}]"}}, {"model": "admin.logentry", "pk": 35, "fields": {"action_time": "2024-09-19T01:14:37.073Z", "user": 1, "content_type": 13, "object_id": "2", "object_repr": "Classification Entrees (Order:1): Snacks and Entrees", "action_flag": 2, "change_message": "[{\"changed\": {\"fields\": [\"Name\"]}}]"}}, {"model": "admin.logentry", "pk": 36, "fields": {"action_time": "2024-09-20T02:59:55.737Z", "user": 1, "content_type": 9, "object_id": "11", "object_repr": "Sausage Curry", "action_flag": 2, "change_message": "[{\"changed\": {\"fields\": [\"Price\"]}}]"}}, {"model": "admin.logentry", "pk": 37, "fields": {"action_time": "2024-09-20T03:00:10.521Z", "user": 1, "content_type": 9, "object_id": "10", "object_repr": "Bean Curry", "action_flag": 2, "change_message": "[{\"changed\": {\"fields\": [\"Price\"]}}]"}}, {"model": "admin.logentry", "pk": 38, "fields": {"action_time": "2024-09-20T03:00:22.398Z", "user": 1, "content_type": 9, "object_id": "9", "object_repr": "Potato Vegetable Curry", "action_flag": 2, "change_message": "[{\"changed\": {\"fields\": [\"Price\"]}}]"}}, {"model": "admin.logentry", "pk": 39, "fields": {"action_time": "2024-09-20T03:00:30.388Z", "user": 1, "content_type": 9, "object_id": "8", "object_repr": "Yellow Rice", "action_flag": 2, "change_message": "[{\"changed\": {\"fields\": [\"Price\"]}}]"}}, {"model": "admin.logentry", "pk": 40, "fields": {"action_time": "2024-09-20T03:00:44.170Z", "user": 1, "content_type": 9, "object_id": "7", "object_repr": "Leek Curry", "action_flag": 2, "change_message": "[{\"changed\": {\"fields\": [\"Price\"]}}]"}}, {"model": "admin.logentry", "pk": 41, "fields": {"action_time": "2024-09-20T03:00:59.408Z", "user": 1, "content_type": 9, "object_id": "6", "object_repr": "Bowl of Kisses", "action_flag": 2, "change_message": "[{\"changed\": {\"fields\": [\"Price\"]}}]"}}, {"model": "admin.logentry", "pk": 42, "fields": {"action_time": "2024-09-20T03:01:14.761Z", "user": 1, "content_type": 9, "object_id": "5", "object_repr": "Lamprais", "action_flag": 2, "change_message": "[{\"changed\": {\"fields\": [\"Price\"]}}]"}}, {"model": "admin.logentry", "pk": 43, "fields": {"action_time": "2024-09-20T03:01:25.359Z", "user": 1, "content_type": 9, "object_id": "4", "object_repr": "Prawn Curry", "action_flag": 2, "change_message": "[{\"changed\": {\"fields\": [\"Price\"]}}]"}}, {"model": "admin.logentry", "pk": 44, "fields": {"action_time": "2024-09-20T03:01:39.752Z", "user": 1, "content_type": 9, "object_id": "3", "object_repr": "Chicken Curry", "action_flag": 2, "change_message": "[]"}}, {"model": "admin.logentry", "pk": 45, "fields": {"action_time": "2024-09-20T03:01:45.555Z", "user": 1, "content_type": 9, "object_id": "2", "object_repr": "Meat Curry", "action_flag": 2, "change_message": "[]"}}, {"model": "admin.logentry", "pk": 46, "fields": {"action_time": "2024-09-20T03:02:01.043Z", "user": 1, "content_type": 9, "object_id": "1", "object_repr": "Chicken Satay", "action_flag": 2, "change_message": "[{\"changed\": {\"fields\": [\"Description\", \"Price\"]}}]"}}, {"model": "admin.logentry", "pk": 47, "fields": {"action_time": "2024-09-20T03:02:57.348Z", "user": 1, "content_type": 9, "object_id": "11", "object_repr": "Sausage Curry", "action_flag": 2, "change_message": "[{\"changed\": {\"fields\": [\"Description\"]}}]"}}, {"model": "admin.logentry", "pk": 48, "fields": {"action_time": "2024-09-20T03:04:57.671Z", "user": 1, "content_type": 9, "object_id": "5", "object_repr": "Lamprais", "action_flag": 2, "change_message": "[{\"changed\": {\"fields\": [\"Description\"]}}]"}}, {"model": "admin.logentry", "pk": 49, "fields": {"action_time": "2024-09-20T03:05:56.542Z", "user": 1, "content_type": 9, "object_id": "4", "object_repr": "Prawn Curry", "action_flag": 2, "change_message": "[]"}}, {"model": "admin.logentry", "pk": 50, "fields": {"action_time": "2024-09-20T03:06:04.093Z", "user": 1, "content_type": 9, "object_id": "3", "object_repr": "Chicken Curry", "action_flag": 2, "change_message": "[]"}}, {"model": "admin.logentry", "pk": 51, "fields": {"action_time": "2024-09-20T03:06:30.160Z", "user": 1, "content_type": 9, "object_id": "2", "object_repr": "Meat Curry", "action_flag": 2, "change_message": "[{\"changed\": {\"fields\": [\"Description\"]}}]"}}, {"model": "admin.logentry", "pk": 52, "fields": {"action_time": "2024-09-20T03:06:52.943Z", "user": 1, "content_type": 9, "object_id": "5", "object_repr": "Lamprais", "action_flag": 2, "change_message": "[{\"changed\": {\"fields\": [\"Description\"]}}]"}}, {"model": "admin.logentry", "pk": 53, "fields": {"action_time": "2024-09-20T03:07:52.951Z", "user": 1, "content_type": 9, "object_id": "7", "object_repr": "Leek Curry", "action_flag": 2, "change_message": "[{\"changed\": {\"fields\": [\"Description\"]}}]"}}, {"model": "admin.logentry", "pk": 54, "fields": {"action_time": "2024-09-20T03:08:52.840Z", "user": 1, "content_type": 9, "object_id": "1", "object_repr": "Chicken Satay", "action_flag": 2, "change_message": "[{\"changed\": {\"fields\": [\"Description\"]}}]"}}, {"model": "admin.logentry", "pk": 55, "fields": {"action_time": "2024-09-20T03:09:33.389Z", "user": 1, "content_type": 9, "object_id": "3", "object_repr": "Chicken Curry", "action_flag": 2, "change_message": "[{\"changed\": {\"fields\": [\"Description\"]}}]"}}, {"model": "admin.logentry", "pk": 56, "fields": {"action_time": "2024-09-20T03:10:46.140Z", "user": 1, "content_type": 9, "object_id": "9", "object_repr": "Potato Vegetable Curry", "action_flag": 2, "change_message": "[{\"changed\": {\"fields\": [\"Description\"]}}]"}}, {"model": "admin.logentry", "pk": 57, "fields": {"action_time": "2024-09-20T03:11:49.531Z", "user": 1, "content_type": 9, "object_id": "10", "object_repr": "Bean Curry", "action_flag": 2, "change_message": "[{\"changed\": {\"fields\": [\"Description\"]}}]"}}, {"model": "admin.logentry", "pk": 58, "fields": {"action_time": "2024-09-20T03:12:58.240Z", "user": 1, "content_type": 9, "object_id": "2", "object_repr": "Meat Curry", "action_flag": 2, "change_message": "[{\"changed\": {\"fields\": [\"Description\"]}}]"}}, {"model": "admin.logentry", "pk": 59, "fields": {"action_time": "2024-09-20T03:14:29.004Z", "user": 1, "content_type": 9, "object_id": "6", "object_repr": "Bowl of Kisses", "action_flag": 2, "change_message": "[{\"changed\": {\"fields\": [\"Description\"]}}]"}}, {"model": "admin.logentry", "pk": 60, "fields": {"action_time": "2024-09-20T03:14:57.059Z", "user": 1, "content_type": 9, "object_id": "6", "object_repr": "Bowl of Kisses", "action_flag": 2, "change_message": "[{\"changed\": {\"fields\": [\"Description\"]}}]"}}, {"model": "admin.logentry", "pk": 61, "fields": {"action_time": "2024-09-20T03:28:23.739Z", "user": 1, "content_type": 9, "object_id": "12", "object_repr": "Eggplant Curry (Brinjal Pahi)", "action_flag": 1, "change_message": "[{\"added\": {}}]"}}, {"model": "admin.logentry", "pk": 62, "fields": {"action_time": "2024-09-20T03:30:03.796Z", "user": 1, "content_type": 9, "object_id": "7", "object_repr": "Leek Fry", "action_flag": 2, "change_message": "[{\"changed\": {\"fields\": [\"Name\"]}}]"}}, {"model": "admin.logentry", "pk": 63, "fields": {"action_time": "2024-09-20T06:57:12.787Z", "user": 1, "content_type": 9, "object_id": "6", "object_repr": "Bowl of Kisses", "action_flag": 2, "change_message": "[{\"changed\": {\"fields\": [\"Description\"]}}]"}}, {"model": "admin.logentry", "pk": 64, "fields": {"action_time": "2024-09-22T01:54:17.355Z", "user": 1, "content_type": 9, "object_id": "13", "object_repr": "Steamed Rice", "action_flag": 1, "change_message": "[{\"added\": {}}]"}}, {"model": "auth.permission", "pk": 1, "fields": {"name": "Can add log entry", "content_type": 1, "codename": "add_logentry"}}, {"model": "auth.permission", "pk": 2, "fields": {"name": "Can change log entry", "content_type": 1, "codename": "change_logentry"}}, {"model": "auth.permission", "pk": 3, "fields": {"name": "Can delete log entry", "content_type": 1, "codename": "delete_logentry"}}, {"model": "auth.permission", "pk": 4, "fields": {"name": "Can view log entry", "content_type": 1, "codename": "view_logentry"}}, {"model": "auth.permission", "pk": 5, "fields": {"name": "Can add permission", "content_type": 2, "codename": "add_permission"}}, {"model": "auth.permission", "pk": 6, "fields": {"name": "Can change permission", "content_type": 2, "codename": "change_permission"}}, {"model": "auth.permission", "pk": 7, "fields": {"name": "Can delete permission", "content_type": 2, "codename": "delete_permission"}}, {"model": "auth.permission", "pk": 8, "fields": {"name": "Can view permission", "content_type": 2, "codename": "view_permission"}}, {"model": "auth.permission", "pk": 9, "fields": {"name": "Can add group", "content_type": 3, "codename": "add_group"}}, {"model": "auth.permission", "pk": 10, "fields": {"name": "Can change group", "content_type": 3, "codename": "change_group"}}, {"model": "auth.permission", "pk": 11, "fields": {"name": "Can delete group", "content_type": 3, "codename": "delete_group"}}, {"model": "auth.permission", "pk": 12, "fields": {"name": "Can view group", "content_type": 3, "codename": "view_group"}}, {"model": "auth.permission", "pk": 13, "fields": {"name": "Can add user", "content_type": 4, "codename": "add_user"}}, {"model": "auth.permission", "pk": 14, "fields": {"name": "Can change user", "content_type": 4, "codename": "change_user"}}, {"model": "auth.permission", "pk": 15, "fields": {"name": "Can delete user", "content_type": 4, "codename": "delete_user"}}, {"model": "auth.permission", "pk": 16, "fields": {"name": "Can view user", "content_type": 4, "codename": "view_user"}}, {"model": "auth.permission", "pk": 17, "fields": {"name": "Can add content type", "content_type": 5, "codename": "add_contenttype"}}, {"model": "auth.permission", "pk": 18, "fields": {"name": "Can change content type", "content_type": 5, "codename": "change_contenttype"}}, {"model": "auth.permission", "pk": 19, "fields": {"name": "Can delete content type", "content_type": 5, "codename": "delete_contenttype"}}, {"model": "auth.permission", "pk": 20, "fields": {"name": "Can view content type", "content_type": 5, "codename": "view_contenttype"}}, {"model": "auth.permission", "pk": 21, "fields": {"name": "Can add session", "content_type": 6, "codename": "add_session"}}, {"model": "auth.permission", "pk": 22, "fields": {"name": "Can change session", "content_type": 6, "codename": "change_session"}}, {"model": "auth.permission", "pk": 23, "fields": {"name": "Can delete session", "content_type": 6, "codename": "delete_session"}}, {"model": "auth.permission", "pk": 24, "fields": {"name": "Can view session", "content_type": 6, "codename": "view_session"}}, {"model": "auth.permission", "pk": 25, "fields": {"name": "Can add cart", "content_type": 7, "codename": "add_cart"}}, {"model": "auth.permission", "pk": 26, "fields": {"name": "Can change cart", "content_type": 7, "codename": "change_cart"}}, {"model": "auth.permission", "pk": 27, "fields": {"name": "Can delete cart", "content_type": 7, "codename": "delete_cart"}}, {"model": "auth.permission", "pk": 28, "fields": {"name": "Can view cart", "content_type": 7, "codename": "view_cart"}}, {"model": "auth.permission", "pk": 29, "fields": {"name": "Can add order", "content_type": 8, "codename": "add_order"}}, {"model": "auth.permission", "pk": 30, "fields": {"name": "Can change order", "content_type": 8, "codename": "change_order"}}, {"model": "auth.permission", "pk": 31, "fields": {"name": "Can delete order", "content_type": 8, "codename": "delete_order"}}, {"model": "auth.permission", "pk": 32, "fields": {"name": "Can view order", "content_type": 8, "codename": "view_order"}}, {"model": "auth.permission", "pk": 33, "fields": {"name": "Can add product", "content_type": 9, "codename": "add_product"}}, {"model": "auth.permission", "pk": 34, "fields": {"name": "Can change product", "content_type": 9, "codename": "change_product"}}, {"model": "auth.permission", "pk": 35, "fields": {"name": "Can delete product", "content_type": 9, "codename": "delete_product"}}, {"model": "auth.permission", "pk": 36, "fields": {"name": "Can view product", "content_type": 9, "codename": "view_product"}}, {"model": "auth.permission", "pk": 37, "fields": {"name": "Can add user", "content_type": 10, "codename": "add_user"}}, {"model": "auth.permission", "pk": 38, "fields": {"name": "Can change user", "content_type": 10, "codename": "change_user"}}, {"model": "auth.permission", "pk": 39, "fields": {"name": "Can delete user", "content_type": 10, "codename": "delete_user"}}, {"model": "auth.permission", "pk": 40, "fields": {"name": "Can view user", "content_type": 10, "codename": "view_user"}}, {"model": "auth.permission", "pk": 41, "fields": {"name": "Can add order product", "content_type": 11, "codename": "add_orderproduct"}}, {"model": "auth.permission", "pk": 42, "fields": {"name": "Can change order product", "content_type": 11, "codename": "change_orderproduct"}}, {"model": "auth.permission", "pk": 43, "fields": {"name": "Can delete order product", "content_type": 11, "codename": "delete_orderproduct"}}, {"model": "auth.permission", "pk": 44, "fields": {"name": "Can view order product", "content_type": 11, "codename": "view_orderproduct"}}, {"model": "auth.permission", "pk": 45, "fields": {"name": "Can add cart item", "content_type": 12, "codename": "add_cartitem"}}, {"model": "auth.permission", "pk": 46, "fields": {"name": "Can change cart item", "content_type": 12, "codename": "change_cartitem"}}, {"model": "auth.permission", "pk": 47, "fields": {"name": "Can delete cart item", "content_type": 12, "codename": "delete_cartitem"}}, {"model": "auth.permission", "pk": 48, "fields": {"name": "Can view cart item", "content_type": 12, "codename": "view_cartitem"}}, {"model": "auth.permission", "pk": 49, "fields": {"name": "Can add classification", "content_type": 13, "codename": "add_classification"}}, {"model": "auth.permission", "pk": 50, "fields": {"name": "Can change classification", "content_type": 13, "codename": "change_classification"}}, {"model": "auth.permission", "pk": 51, "fields": {"name": "Can delete classification", "content_type": 13, "codename": "delete_classification"}}, {"model": "auth.permission", "pk": 52, "fields": {"name": "Can view classification", "content_type": 13, "codename": "view_classification"}}, {"model": "auth.permission", "pk": 53, "fields": {"name": "Can add contact type", "content_type": 14, "codename": "add_contacttype"}}, {"model": "auth.permission", "pk": 54, "fields": {"name": "Can change contact type", "content_type": 14, "codename": "change_contacttype"}}, {"model": "auth.permission", "pk": 55, "fields": {"name": "Can delete contact type", "content_type": 14, "codename": "delete_contacttype"}}, {"model": "auth.permission", "pk": 56, "fields": {"name": "Can view contact type", "content_type": 14, "codename": "view_contacttype"}}, {"model": "auth.permission", "pk": 57, "fields": {"name": "Can add contact", "content_type": 15, "codename": "add_contact"}}, {"model": "auth.permission", "pk": 58, "fields": {"name": "Can change contact", "content_type": 15, "codename": "change_contact"}}, {"model": "auth.permission", "pk": 59, "fields": {"name": "Can delete contact", "content_type": 15, "codename": "delete_contact"}}, {"model": "auth.permission", "pk": 60, "fields": {"name": "Can view contact", "content_type": 15, "codename": "view_contact"}}, {"model": "auth.permission", "pk": 61, "fields": {"name": "Can add faq category", "content_type": 16, "codename": "add_faqcategory"}}, {"model": "auth.permission", "pk": 62, "fields": {"name": "Can change faq category", "content_type": 16, "codename": "change_faqcategory"}}, {"model": "auth.permission", "pk": 63, "fields": {"name": "Can delete faq category", "content_type": 16, "codename": "delete_faqcategory"}}, {"model": "auth.permission", "pk": 64, "fields": {"name": "Can view faq category", "content_type": 16, "codename": "view_faqcategory"}}, {"model": "auth.permission", "pk": 65, "fields": {"name": "Can add faq", "content_type": 17, "codename": "add_faq"}}, {"model": "auth.permission", "pk": 66, "fields": {"name": "Can change faq", "content_type": 17, "codename": "change_faq"}}, {"model": "auth.permission", "pk": 67, "fields": {"name": "Can delete faq", "content_type": 17, "codename": "delete_faq"}}, {"model": "auth.permission", "pk": 68, "fields": {"name": "Can view faq", "content_type": 17, "codename": "view_faq"}}, {"model": "auth.user", "pk": 1, "fields": {"password": "pbkdf2_sha256$870000$6V9t9jXfugqzufN6TBFFdX$br9HKhhpDSZAI63PT3F8BH1MUOhqoidss7j4c0Mwa6c=", "last_login": "2024-09-20T03:47:42.201Z", "is_superuser": true, "username": "admin", "first_name": "", "last_name": "", "email": "mrmansly@iinet.net.au", "is_staff": true, "is_active": true, "date_joined": "2024-09-18T08:15:52.862Z", "groups": [], "user_permissions": []}}, {"model": "contenttypes.contenttype", "pk": 1, "fields": {"app_label": "admin", "model": "logentry"}}, {"model": "contenttypes.contenttype", "pk": 2, "fields": {"app_label": "auth", "model": "permission"}}, {"model": "contenttypes.contenttype", "pk": 3, "fields": {"app_label": "auth", "model": "group"}}, {"model": "contenttypes.contenttype", "pk": 4, "fields": {"app_label": "auth", "model": "user"}}, {"model": "contenttypes.contenttype", "pk": 5, "fields": {"app_label": "contenttypes", "model": "contenttype"}}, {"model": "contenttypes.contenttype", "pk": 6, "fields": {"app_label": "sessions", "model": "session"}}, {"model": "contenttypes.contenttype", "pk": 7, "fields": {"app_label": "main", "model": "cart"}}, {"model": "contenttypes.contenttype", "pk": 8, "fields": {"app_label": "main", "model": "order"}}, {"model": "contenttypes.contenttype", "pk": 9, "fields": {"app_label": "main", "model": "product"}}, {"model": "contenttypes.contenttype", "pk": 10, "fields": {"app_label": "main", "model": "user"}}, {"model": "contenttypes.contenttype", "pk": 11, "fields": {"app_label": "main", "model": "orderproduct"}}, {"model": "contenttypes.contenttype", "pk": 12, "fields": {"app_label": "main", "model": "cartitem"}}, {"model": "contenttypes.contenttype", "pk": 13, "fields": {"app_label": "main", "model": "classification"}}, {"model": "contenttypes.contenttype", "pk": 14, "fields": {"app_label": "main", "model": "contacttype"}}, {"model": "contenttypes.contenttype", "pk": 15, "fields": {"app_label": "main", "model": "contact"}}, {"model": "contenttypes.contenttype", "pk": 16, "fields": {"app_label": "main", "model": "faqcategory"}}, {"model": "contenttypes.contenttype", "pk": 17, "fields": {"app_label": "main", "model": "faq"}}, {"model": "sessions.session", "pk": "13q76d8buuktvgstgsr16dqtf4vjky53", "fields": {"session_data": ".eJxVjEEOwiAQRe_C2pBCYQCX7j0DoTODVA0kpV0Z765NutDtf-_9l4hpW0vcOi9xJnEWSpx-tynhg-sO6J7qrUlsdV3mSe6KPGiX10b8vBzu30FJvXxrq2HwqJUPgIMKxqghBwrMfnR2ZHasM2cCqykjG-UQNBEGhgwKMor3B8qKOCM:1srTra:nAfZh0X_XVvIYWXrMO67SvyyNcA92Ok6b5gytExcVJo", "expire_date": "2024-10-04T02:59:18.908Z"}}, {"model": "sessions.session", "pk": "9hm7krjxeosq71swng5md42bfl2syhol", "fields": {"session_data": ".eJxVjEEOwiAQRe_C2pBCYQCX7j0DoTODVA0kpV0Z765NutDtf-_9l4hpW0vcOi9xJnEWSpx-tynhg-sO6J7qrUlsdV3mSe6KPGiX10b8vBzu30FJvXxrq2HwqJUPgIMKxqghBwrMfnR2ZHasM2cCqykjG-UQNBEGhgwKMor3B8qKOCM:1sqpr7:7sw0f4RJ3EEp5pTP2dhdhE2ZJxwtZseqwxWF09vozBY", "expire_date": "2024-10-02T08:16:09.454Z"}}, {"model": "sessions.session", "pk": "vhso6j7k5h5vgqqefbsglfn0no3vjc69", "fields": {"session_data": ".eJxVjEEOwiAQRe_C2pBCYQCX7j0DoTODVA0kpV0Z765NutDtf-_9l4hpW0vcOi9xJnEWSpx-tynhg-sO6J7qrUlsdV3mSe6KPGiX10b8vBzu30FJvXxrq2HwqJUPgIMKxqghBwrMfnR2ZHasM2cCqykjG-UQNBEGhgwKMor3B8qKOCM:1srUcQ:xX6_RIv2wBvjxgplKD-C5EKG4aaGZx0t6ShtzCPkL9M", "expire_date": "2024-10-04T03:47:42.201Z"}}, {"model": "main.classification", "pk": 2, "fields": {"name": "Entrees", "description": "Snacks and Entrees", "order": 1}}, {"model": "main.classification", "pk": 3, "fields": {"name": "Vegetable", "description": "Vegetable Dishes", "order": 3}}, {"model": "main.classification", "pk": 4, "fields": {"name": "Specialty", "description": "Chef Specialty dishes", "order": 2}}, {"model": "main.classification", "pk": 5, "fields": {"name": "Chicken", "description": "Chicken Dishes", "order": 4}}, {"model": "main.classification", "pk": 6, "fields": {"name": "Meat", "description": "Meat Dishes", "order": 5}}, {"model": "main.classification", "pk": 7, "fields": {"name": "Seafood", "description": "Seafood Dishes", "order": 6}}, {"model": "main.classification", "pk": 8, "fields": {"name": "Rice", "description": "Rice Dishes", "order": 7}}, {"model": "main.classification", "pk": 9, "fields": {"name": "Dessert", "description": "Desserts", "order": 8}}, {"model": "main.product", "pk": 1, "fields": {"name": "Chicken Satay", "description": "Tender chicken thigh pieces cooked in a peanut satay sauce.", "price": 30.0, "classification": 5, "active": true, "image": "chicken_satay.png", "chilli_level": 1, "contains_peanuts": true}}, {"model": "main.product", "pk": 2, "fields": {"name": "Meat Curry", "description": "Slow cooked beef in a tamarind and chilli dark curry sauce.", "price": 25.0, "classification": 6, "active": true, "image": "meat_curry.png", "chilli_level": 2, "contains_peanuts": false}}, {"model": "main.product", "pk": 3, "fields": {"name": "Chicken Curry", "description": "Delicious chicken drumsticks cooked in a tomato and chilli dark curry sauce.", "price": 22.0, "classification": 5, "active": true, "image": "chicken_curry.png", "chilli_level": 2, "contains_peanuts": false}}, {"model": "main.product", "pk": 4, "fields": {"name": "Prawn Curry", "description": "Prawns delicately cooked in a paprika infused curry sauce.", "price": 30.0, "classification": 7, "active": true, "image": "prawn_curry.png", "chilli_level": 2, "contains_peanuts": false}}, {"model": "main.product", "pk": 5, "fields": {"name": "Lamprais", "description": "A traditional Sri Lankan meal for special occasions. Consists of rice and five different curries wrapped in a banana leaf and then wrapped in alfoil packets for freezer storage.  Bulk Price: $130 for 10!", "price": 15.0, "classification": 4, "active": true, "image": "lamprais.png", "chilli_level": 2, "contains_peanuts": false}}, {"model": "main.product", "pk": 6, "fields": {"name": "Bowl of Kisses", "description": "A collection of crunchy sweet meringues with a soft gooey center.", "price": 12.0, "classification": 9, "active": true, "image": "meringues.png", "chilli_level": 0, "contains_peanuts": false}}, {"model": "main.product", "pk": 7, "fields": {"name": "Leek Fry", "description": "Finely sliced leek fried with chilli, garlic and prawn blachang.", "price": 20.0, "classification": 3, "active": true, "image": "leek_curry.png", "chilli_level": 2, "contains_peanuts": false}}, {"model": "main.product", "pk": 8, "fields": {"name": "Yellow Rice", "description": "Rice cooked with tumeric.", "price": 5.0, "classification": 8, "active": true, "image": "yellow_rice.png", "chilli_level": 0, "contains_peanuts": false}}, {"model": "main.product", "pk": 9, "fields": {"name": "Potato Vegetable Curry", "description": "Potato cooked in a mild tumeric and fenugreek sauce.", "price": 12.0, "classification": 3, "active": true, "image": "vegetable_potato_curry.png", "chilli_level": 0, "contains_peanuts": false}}, {"model": "main.product", "pk": 10, "fields": {"name": "Bean Curry", "description": "Tasty snake beans fried with tomato, onions and spices, and finished in a coconut sauce.", "price": 20.0, "classification": 3, "active": true, "image": "bean_curry.png", "chilli_level": 2, "contains_peanuts": false}}, {"model": "main.product", "pk": 11, "fields": {"name": "Sausage Curry", "description": "Beef sausages cooked with onion, tomato and spices.", "price": 20.0, "classification": 6, "active": true, "image": "sausage_curry.png", "chilli_level": 1, "contains_peanuts": false}}, {"model": "main.product", "pk": 12, "fields": {"name": "Eggplant Curry (Brinjal Pahi)", "description": "Fried eggplant cooked with tomato and spices.", "price": 20.0, "classification": 3, "active": true, "image": "egg_plant_curry.png", "chilli_level": 1, "contains_peanuts": false}}, {"model": "main.product", "pk": 13, "fields": {"name": "Steamed Rice", "description": "Steamed Rice", "price": 5.0, "classification": 8, "active": true, "image": "steamed_rice.png", "chilli_level": 0, "contains_peanuts": false}}, {"model": "main.cart", "pk": 1, "fields": {"user": null, "session_id": "tuiy8cj8bxnx8z8i7ngomidfqvibvqpv"}}, {"model": "main.cart", "pk": 2, "fields": {"user": null, "session_id": null}}, {"model": "main.cart", "pk": 3, "fields": {"user": null, "session_id": "9hm7krjxeosq71swng5md42bfl2syhol"}}, {"model": "main.cart", "pk": 4, "fields": {"user": null, "session_id": "xru9r0y5vch9ybhtm11rkuqr3w4cfzcv"}}, {"model": "main.cart", "pk": 5, "fields": {"user": null, "session_id": "13q76d8buuktvgstgsr16dqtf4vjky53"}}, {"model": "main.cart", "pk": 6, "fields": {"user": null, "session_id": "et7tskqx2s5lmgwhqiwlb2andnwjhp3w"}}, {"model": "main.cart", "pk": 7, "fields": {"user": null, "session_id": "vhso6j7k5h5vgqqefbsglfn0no3vjc69"}}, {"model": "main.cartitem", "pk": 1, "fields": {"cart": 3, "product": 10, "quantity": 2, "instructions": ""}}, {"model": "main.cartitem", "pk": 3, "fields": {"cart": 3, "product": 5, "quantity": 3, "instructions": "test3"}}, {"model": "main.cartitem", "pk": 4, "fields": {"cart": 4, "product": 5, "quantity": 2, "instructions": ""}}, {"model": "main.contacttype", "pk": 1, "fields": {"type": "Food Review", "description": "Food Reviews", "active": true}}, {"model": "main.contacttype", "pk": 2, "fields": {"type": "Feedback", "description": "Feedback that you can provide that will make us better", "active": true}}, {"model": "main.contacttype", "pk": 3, "fields": {"type": "Question", "description": "Question about anything", "active": true}}, {"model": "main.contacttype", "pk": 4, "fields": {"type": "Website", "description": "Website Query", "active": true}}, {"model": "main.faqcategory", "pk": 1, "fields": {"category": "Food", "description": "Questions about the food", "order": 1, "active": true}}, {"model": "main.faqcategory", "pk": 2, "fields": {"category": "Delivery", "description": "Questions about delivery", "order": 2, "active": true}}, {"model": "main.faqcategory", "pk": 3, "fields": {"category": "Website", "description": "Questions about the website", "order": 3, "active": true}}, {"model": "main.faqcategory", "pk": 4, "fields": {"category": "Complaints", "description": "Questions about incorrect orders and complaints", "order": 4, "active": true}}]
