PRAGMA foreign_keys=OFF;
BEGIN TRANSACTION;
CREATE TABLE IF NOT EXISTS "django_migrations" ("id" integer NOT NULL PRIMARY KEY AUTOINCREMENT, "app" varchar(255) NOT NULL, "name" varchar(255) NOT NULL, "applied" datetime NOT NULL);
INSERT INTO django_migrations VALUES(1,'contenttypes','0001_initial','2024-09-18 08:13:25.644655');
INSERT INTO django_migrations VALUES(2,'auth','0001_initial','2024-09-18 08:13:25.660286');
INSERT INTO django_migrations VALUES(3,'admin','0001_initial','2024-09-18 08:13:25.660286');
INSERT INTO django_migrations VALUES(4,'admin','0002_logentry_remove_auto_add','2024-09-18 08:13:25.675902');
INSERT INTO django_migrations VALUES(5,'admin','0003_logentry_add_action_flag_choices','2024-09-18 08:13:25.675902');
INSERT INTO django_migrations VALUES(6,'contenttypes','0002_remove_content_type_name','2024-09-18 08:13:25.675902');
INSERT INTO django_migrations VALUES(7,'auth','0002_alter_permission_name_max_length','2024-09-18 08:13:25.691528');
INSERT INTO django_migrations VALUES(8,'auth','0003_alter_user_email_max_length','2024-09-18 08:13:25.707714');
INSERT INTO django_migrations VALUES(9,'auth','0004_alter_user_username_opts','2024-09-18 08:13:25.707714');
INSERT INTO django_migrations VALUES(10,'auth','0005_alter_user_last_login_null','2024-09-18 08:13:25.707714');
INSERT INTO django_migrations VALUES(11,'auth','0006_require_contenttypes_0002','2024-09-18 08:13:25.707714');
INSERT INTO django_migrations VALUES(12,'auth','0007_alter_validators_add_error_messages','2024-09-18 08:13:25.723438');
INSERT INTO django_migrations VALUES(13,'auth','0008_alter_user_username_max_length','2024-09-18 08:13:25.723438');
INSERT INTO django_migrations VALUES(14,'auth','0009_alter_user_last_name_max_length','2024-09-18 08:13:25.723438');
INSERT INTO django_migrations VALUES(15,'auth','0010_alter_group_name_max_length','2024-09-18 08:13:25.739290');
INSERT INTO django_migrations VALUES(16,'auth','0011_update_proxy_permissions','2024-09-18 08:13:25.739290');
INSERT INTO django_migrations VALUES(17,'auth','0012_alter_user_first_name_max_length','2024-09-18 08:13:25.739290');
INSERT INTO django_migrations VALUES(18,'main','0001_initial','2024-09-18 08:13:25.755025');
INSERT INTO django_migrations VALUES(19,'main','0002_cart_session_id_alter_cart_user','2024-09-18 08:13:25.755025');
INSERT INTO django_migrations VALUES(20,'main','0003_alter_cartitem_quantity','2024-09-18 08:13:25.770605');
INSERT INTO django_migrations VALUES(21,'main','0004_classification_product_available_and_more','2024-09-18 08:13:25.777214');
INSERT INTO django_migrations VALUES(22,'main','0005_classification_order','2024-09-18 08:13:25.786807');
INSERT INTO django_migrations VALUES(23,'main','0006_product_image','2024-09-18 08:13:25.790228');
INSERT INTO django_migrations VALUES(24,'main','0007_alter_order_first_name_alter_order_home_phone_and_more','2024-09-18 08:13:25.790228');
INSERT INTO django_migrations VALUES(25,'main','0008_order_requested_delivery_date','2024-09-18 08:13:25.790228');
INSERT INTO django_migrations VALUES(26,'main','0009_cartitem_instructions_orderproduct_instructions_and_more','2024-09-18 08:13:25.806442');
INSERT INTO django_migrations VALUES(27,'main','0010_contacttype_contact','2024-09-18 08:13:25.806442');
INSERT INTO django_migrations VALUES(28,'main','0011_alter_contact_message','2024-09-18 08:13:25.817949');
INSERT INTO django_migrations VALUES(29,'main','0012_alter_contact_email_alter_contact_home_phone_and_more','2024-09-18 08:13:25.833672');
INSERT INTO django_migrations VALUES(30,'main','0013_contact_response_required_alter_contact_rating','2024-09-18 08:13:25.844800');
INSERT INTO django_migrations VALUES(31,'main','0014_alter_contact_rating','2024-09-18 08:13:25.849476');
INSERT INTO django_migrations VALUES(32,'main','0015_alter_contact_preferred_contact','2024-09-18 08:13:25.849476');
INSERT INTO django_migrations VALUES(33,'main','0016_remove_contact_product_contact_products','2024-09-18 08:13:25.865203');
INSERT INTO django_migrations VALUES(34,'main','0017_alter_contact_preferred_contact','2024-09-18 08:13:25.865203');
INSERT INTO django_migrations VALUES(35,'main','0018_faqcategory_faq','2024-09-18 08:13:25.865203');
INSERT INTO django_migrations VALUES(36,'main','0019_rename_available_product_active','2024-09-18 08:13:25.880828');
INSERT INTO django_migrations VALUES(37,'main','0020_faqcategory_order','2024-09-18 08:13:25.880828');
INSERT INTO django_migrations VALUES(38,'main','0021_alter_faq_answer','2024-09-18 08:13:25.880828');
INSERT INTO django_migrations VALUES(39,'main','0022_alter_faq_answer','2024-09-18 08:13:25.896777');
INSERT INTO django_migrations VALUES(40,'main','0023_alter_cartitem_cart_alter_cartitem_instructions','2024-09-18 08:13:25.902509');
INSERT INTO django_migrations VALUES(41,'sessions','0001_initial','2024-09-18 08:13:25.907805');
CREATE TABLE IF NOT EXISTS "auth_group_permissions" ("id" integer NOT NULL PRIMARY KEY AUTOINCREMENT, "group_id" integer NOT NULL REFERENCES "auth_group" ("id") DEFERRABLE INITIALLY DEFERRED, "permission_id" integer NOT NULL REFERENCES "auth_permission" ("id") DEFERRABLE INITIALLY DEFERRED);
CREATE TABLE IF NOT EXISTS "auth_user_groups" ("id" integer NOT NULL PRIMARY KEY AUTOINCREMENT, "user_id" integer NOT NULL REFERENCES "auth_user" ("id") DEFERRABLE INITIALLY DEFERRED, "group_id" integer NOT NULL REFERENCES "auth_group" ("id") DEFERRABLE INITIALLY DEFERRED);
CREATE TABLE IF NOT EXISTS "auth_user_user_permissions" ("id" integer NOT NULL PRIMARY KEY AUTOINCREMENT, "user_id" integer NOT NULL REFERENCES "auth_user" ("id") DEFERRABLE INITIALLY DEFERRED, "permission_id" integer NOT NULL REFERENCES "auth_permission" ("id") DEFERRABLE INITIALLY DEFERRED);
CREATE TABLE IF NOT EXISTS "django_admin_log" ("id" integer NOT NULL PRIMARY KEY AUTOINCREMENT, "object_id" text NULL, "object_repr" varchar(200) NOT NULL, "action_flag" smallint unsigned NOT NULL CHECK ("action_flag" >= 0), "change_message" text NOT NULL, "content_type_id" integer NULL REFERENCES "django_content_type" ("id") DEFERRABLE INITIALLY DEFERRED, "user_id" integer NOT NULL REFERENCES "auth_user" ("id") DEFERRABLE INITIALLY DEFERRED, "action_time" datetime NOT NULL);
INSERT INTO django_admin_log VALUES(1,'1','Classification Website (Order:4): Website Query',1,'[{"added": {}}]',13,1,'2024-09-18 08:17:28.531727');
INSERT INTO django_admin_log VALUES(2,'1','Classification Website (Order:4): Website Query',3,'',13,1,'2024-09-18 08:18:01.694961');
INSERT INTO django_admin_log VALUES(3,'2','Classification Short Eats (Order:1): Snacks and Entrees',1,'[{"added": {}}]',13,1,'2024-09-18 08:18:39.595512');
INSERT INTO django_admin_log VALUES(4,'3','Classification Vegetable (Order:3): Vegetable Dishes',1,'[{"added": {}}]',13,1,'2024-09-18 08:19:06.378486');
INSERT INTO django_admin_log VALUES(5,'2','Classification Short Eats (Order:1): Snacks and Entrees',2,'[]',13,1,'2024-09-18 08:19:17.250372');
INSERT INTO django_admin_log VALUES(6,'4','Classification Chef Specialty (Order:2): Special dishes',1,'[{"added": {}}]',13,1,'2024-09-18 08:20:09.066351');
INSERT INTO django_admin_log VALUES(7,'5','Classification Chicken (Order:4): Chicken Dishes',1,'[{"added": {}}]',13,1,'2024-09-18 08:20:21.031616');
INSERT INTO django_admin_log VALUES(8,'6','Classification Meat (Order:5): Meat Dishes',1,'[{"added": {}}]',13,1,'2024-09-18 08:20:28.207250');
INSERT INTO django_admin_log VALUES(9,'7','Classification Seafood (Order:6): Seafood Dishes',1,'[{"added": {}}]',13,1,'2024-09-18 08:20:36.793208');
INSERT INTO django_admin_log VALUES(10,'8','Classification Rice (Order:7): Rice Dishes',1,'[{"added": {}}]',13,1,'2024-09-18 08:21:02.897759');
INSERT INTO django_admin_log VALUES(11,'9','Classification Dessert (Order:9): Desserts',1,'[{"added": {}}]',13,1,'2024-09-18 08:21:24.215611');
INSERT INTO django_admin_log VALUES(12,'9','Classification Dessert (Order:8): Desserts',2,'[{"changed": {"fields": ["Order"]}}]',13,1,'2024-09-18 08:21:35.166029');
INSERT INTO django_admin_log VALUES(13,'1','1 - Food Review',1,'[{"added": {}}]',14,1,'2024-09-18 08:23:17.741126');
INSERT INTO django_admin_log VALUES(14,'2','2 - Feedback',1,'[{"added": {}}]',14,1,'2024-09-18 08:23:43.946373');
INSERT INTO django_admin_log VALUES(15,'3','3 - Question',1,'[{"added": {}}]',14,1,'2024-09-18 08:24:17.681627');
INSERT INTO django_admin_log VALUES(16,'4','4 - Website',1,'[{"added": {}}]',14,1,'2024-09-18 08:24:25.843014');
INSERT INTO django_admin_log VALUES(17,'1','1 - Food',1,'[{"added": {}}]',16,1,'2024-09-18 08:25:14.858036');
INSERT INTO django_admin_log VALUES(18,'2','2 - Delivery',1,'[{"added": {}}]',16,1,'2024-09-18 08:25:25.549234');
INSERT INTO django_admin_log VALUES(19,'3','3 - Website',1,'[{"added": {}}]',16,1,'2024-09-18 08:25:35.352395');
INSERT INTO django_admin_log VALUES(20,'4','4 - Complaints',1,'[{"added": {}}]',16,1,'2024-09-18 08:26:05.597322');
INSERT INTO django_admin_log VALUES(21,'1','Chicken Satay',1,'[{"added": {}}]',9,1,'2024-09-18 08:28:33.563680');
INSERT INTO django_admin_log VALUES(22,'1','Chicken Satay',2,'[{"changed": {"fields": ["Image"]}}]',9,1,'2024-09-18 08:29:49.963226');
INSERT INTO django_admin_log VALUES(23,'1','Chicken Satay',2,'[{"changed": {"fields": ["Description"]}}]',9,1,'2024-09-18 08:30:15.677908');
INSERT INTO django_admin_log VALUES(24,'2','Meat Curry',1,'[{"added": {}}]',9,1,'2024-09-18 08:32:51.264687');
INSERT INTO django_admin_log VALUES(25,'3','Chicken Curry',1,'[{"added": {}}]',9,1,'2024-09-18 08:33:55.135303');
INSERT INTO django_admin_log VALUES(26,'4','Prawn Curry',1,'[{"added": {}}]',9,1,'2024-09-18 08:36:29.350215');
INSERT INTO django_admin_log VALUES(27,'5','Lamprais',1,'[{"added": {}}]',9,1,'2024-09-18 08:42:47.369878');
INSERT INTO django_admin_log VALUES(28,'6','Bowl of Kisses',1,'[{"added": {}}]',9,1,'2024-09-18 08:43:39.320721');
INSERT INTO django_admin_log VALUES(29,'7','Leek Curry',1,'[{"added": {}}]',9,1,'2024-09-18 08:45:24.565069');
INSERT INTO django_admin_log VALUES(30,'8','Yellow Rice',1,'[{"added": {}}]',9,1,'2024-09-18 08:46:28.860075');
INSERT INTO django_admin_log VALUES(31,'9','Potato Vegetable Curry',1,'[{"added": {}}]',9,1,'2024-09-18 08:48:55.775989');
INSERT INTO django_admin_log VALUES(32,'10','Bean Curry',1,'[{"added": {}}]',9,1,'2024-09-18 08:50:48.034031');
INSERT INTO django_admin_log VALUES(33,'11','Sausage Curry',1,'[{"added": {}}]',9,1,'2024-09-18 08:53:20.292086');
INSERT INTO django_admin_log VALUES(34,'4','Classification Specialty (Order:2): Chef Specialty dishes',2,'[{"changed": {"fields": ["Name", "Description"]}}]',13,1,'2024-09-19 01:14:27.253808');
INSERT INTO django_admin_log VALUES(35,'2','Classification Entrees (Order:1): Snacks and Entrees',2,'[{"changed": {"fields": ["Name"]}}]',13,1,'2024-09-19 01:14:37.073717');
INSERT INTO django_admin_log VALUES(36,'11','Sausage Curry',2,'[{"changed": {"fields": ["Price"]}}]',9,1,'2024-09-20 02:59:55.737943');
INSERT INTO django_admin_log VALUES(37,'10','Bean Curry',2,'[{"changed": {"fields": ["Price"]}}]',9,1,'2024-09-20 03:00:10.521757');
INSERT INTO django_admin_log VALUES(38,'9','Potato Vegetable Curry',2,'[{"changed": {"fields": ["Price"]}}]',9,1,'2024-09-20 03:00:22.398462');
INSERT INTO django_admin_log VALUES(39,'8','Yellow Rice',2,'[{"changed": {"fields": ["Price"]}}]',9,1,'2024-09-20 03:00:30.388959');
INSERT INTO django_admin_log VALUES(40,'7','Leek Curry',2,'[{"changed": {"fields": ["Price"]}}]',9,1,'2024-09-20 03:00:44.170290');
INSERT INTO django_admin_log VALUES(41,'6','Bowl of Kisses',2,'[{"changed": {"fields": ["Price"]}}]',9,1,'2024-09-20 03:00:59.408145');
INSERT INTO django_admin_log VALUES(42,'5','Lamprais',2,'[{"changed": {"fields": ["Price"]}}]',9,1,'2024-09-20 03:01:14.761112');
INSERT INTO django_admin_log VALUES(43,'4','Prawn Curry',2,'[{"changed": {"fields": ["Price"]}}]',9,1,'2024-09-20 03:01:25.359623');
INSERT INTO django_admin_log VALUES(44,'3','Chicken Curry',2,'[]',9,1,'2024-09-20 03:01:39.752337');
INSERT INTO django_admin_log VALUES(45,'2','Meat Curry',2,'[]',9,1,'2024-09-20 03:01:45.555109');
INSERT INTO django_admin_log VALUES(46,'1','Chicken Satay',2,'[{"changed": {"fields": ["Description", "Price"]}}]',9,1,'2024-09-20 03:02:01.043190');
INSERT INTO django_admin_log VALUES(47,'11','Sausage Curry',2,'[{"changed": {"fields": ["Description"]}}]',9,1,'2024-09-20 03:02:57.348127');
INSERT INTO django_admin_log VALUES(48,'5','Lamprais',2,'[{"changed": {"fields": ["Description"]}}]',9,1,'2024-09-20 03:04:57.671563');
INSERT INTO django_admin_log VALUES(49,'4','Prawn Curry',2,'[]',9,1,'2024-09-20 03:05:56.542939');
INSERT INTO django_admin_log VALUES(50,'3','Chicken Curry',2,'[]',9,1,'2024-09-20 03:06:04.093410');
INSERT INTO django_admin_log VALUES(51,'2','Meat Curry',2,'[{"changed": {"fields": ["Description"]}}]',9,1,'2024-09-20 03:06:30.160043');
INSERT INTO django_admin_log VALUES(52,'5','Lamprais',2,'[{"changed": {"fields": ["Description"]}}]',9,1,'2024-09-20 03:06:52.943417');
INSERT INTO django_admin_log VALUES(53,'7','Leek Curry',2,'[{"changed": {"fields": ["Description"]}}]',9,1,'2024-09-20 03:07:52.951495');
INSERT INTO django_admin_log VALUES(54,'1','Chicken Satay',2,'[{"changed": {"fields": ["Description"]}}]',9,1,'2024-09-20 03:08:52.840476');
INSERT INTO django_admin_log VALUES(55,'3','Chicken Curry',2,'[{"changed": {"fields": ["Description"]}}]',9,1,'2024-09-20 03:09:33.389143');
INSERT INTO django_admin_log VALUES(56,'9','Potato Vegetable Curry',2,'[{"changed": {"fields": ["Description"]}}]',9,1,'2024-09-20 03:10:46.140383');
INSERT INTO django_admin_log VALUES(57,'10','Bean Curry',2,'[{"changed": {"fields": ["Description"]}}]',9,1,'2024-09-20 03:11:49.531248');
INSERT INTO django_admin_log VALUES(58,'2','Meat Curry',2,'[{"changed": {"fields": ["Description"]}}]',9,1,'2024-09-20 03:12:58.240741');
INSERT INTO django_admin_log VALUES(59,'6','Bowl of Kisses',2,'[{"changed": {"fields": ["Description"]}}]',9,1,'2024-09-20 03:14:29.004037');
INSERT INTO django_admin_log VALUES(60,'6','Bowl of Kisses',2,'[{"changed": {"fields": ["Description"]}}]',9,1,'2024-09-20 03:14:57.059555');
INSERT INTO django_admin_log VALUES(61,'12','Eggplant Curry (Brinjal Pahi)',1,'[{"added": {}}]',9,1,'2024-09-20 03:28:23.739865');
INSERT INTO django_admin_log VALUES(62,'7','Leek Fry',2,'[{"changed": {"fields": ["Name"]}}]',9,1,'2024-09-20 03:30:03.796140');
CREATE TABLE IF NOT EXISTS "django_content_type" ("id" integer NOT NULL PRIMARY KEY AUTOINCREMENT, "app_label" varchar(100) NOT NULL, "model" varchar(100) NOT NULL);
INSERT INTO django_content_type VALUES(1,'admin','logentry');
INSERT INTO django_content_type VALUES(2,'auth','permission');
INSERT INTO django_content_type VALUES(3,'auth','group');
INSERT INTO django_content_type VALUES(4,'auth','user');
INSERT INTO django_content_type VALUES(5,'contenttypes','contenttype');
INSERT INTO django_content_type VALUES(6,'sessions','session');
INSERT INTO django_content_type VALUES(7,'main','cart');
INSERT INTO django_content_type VALUES(8,'main','order');
INSERT INTO django_content_type VALUES(9,'main','product');
INSERT INTO django_content_type VALUES(10,'main','user');
INSERT INTO django_content_type VALUES(11,'main','orderproduct');
INSERT INTO django_content_type VALUES(12,'main','cartitem');
INSERT INTO django_content_type VALUES(13,'main','classification');
INSERT INTO django_content_type VALUES(14,'main','contacttype');
INSERT INTO django_content_type VALUES(15,'main','contact');
INSERT INTO django_content_type VALUES(16,'main','faqcategory');
INSERT INTO django_content_type VALUES(17,'main','faq');
CREATE TABLE IF NOT EXISTS "auth_permission" ("id" integer NOT NULL PRIMARY KEY AUTOINCREMENT, "content_type_id" integer NOT NULL REFERENCES "django_content_type" ("id") DEFERRABLE INITIALLY DEFERRED, "codename" varchar(100) NOT NULL, "name" varchar(255) NOT NULL);
INSERT INTO auth_permission VALUES(1,1,'add_logentry','Can add log entry');
INSERT INTO auth_permission VALUES(2,1,'change_logentry','Can change log entry');
INSERT INTO auth_permission VALUES(3,1,'delete_logentry','Can delete log entry');
INSERT INTO auth_permission VALUES(4,1,'view_logentry','Can view log entry');
INSERT INTO auth_permission VALUES(5,2,'add_permission','Can add permission');
INSERT INTO auth_permission VALUES(6,2,'change_permission','Can change permission');
INSERT INTO auth_permission VALUES(7,2,'delete_permission','Can delete permission');
INSERT INTO auth_permission VALUES(8,2,'view_permission','Can view permission');
INSERT INTO auth_permission VALUES(9,3,'add_group','Can add group');
INSERT INTO auth_permission VALUES(10,3,'change_group','Can change group');
INSERT INTO auth_permission VALUES(11,3,'delete_group','Can delete group');
INSERT INTO auth_permission VALUES(12,3,'view_group','Can view group');
INSERT INTO auth_permission VALUES(13,4,'add_user','Can add user');
INSERT INTO auth_permission VALUES(14,4,'change_user','Can change user');
INSERT INTO auth_permission VALUES(15,4,'delete_user','Can delete user');
INSERT INTO auth_permission VALUES(16,4,'view_user','Can view user');
INSERT INTO auth_permission VALUES(17,5,'add_contenttype','Can add content type');
INSERT INTO auth_permission VALUES(18,5,'change_contenttype','Can change content type');
INSERT INTO auth_permission VALUES(19,5,'delete_contenttype','Can delete content type');
INSERT INTO auth_permission VALUES(20,5,'view_contenttype','Can view content type');
INSERT INTO auth_permission VALUES(21,6,'add_session','Can add session');
INSERT INTO auth_permission VALUES(22,6,'change_session','Can change session');
INSERT INTO auth_permission VALUES(23,6,'delete_session','Can delete session');
INSERT INTO auth_permission VALUES(24,6,'view_session','Can view session');
INSERT INTO auth_permission VALUES(25,7,'add_cart','Can add cart');
INSERT INTO auth_permission VALUES(26,7,'change_cart','Can change cart');
INSERT INTO auth_permission VALUES(27,7,'delete_cart','Can delete cart');
INSERT INTO auth_permission VALUES(28,7,'view_cart','Can view cart');
INSERT INTO auth_permission VALUES(29,8,'add_order','Can add order');
INSERT INTO auth_permission VALUES(30,8,'change_order','Can change order');
INSERT INTO auth_permission VALUES(31,8,'delete_order','Can delete order');
INSERT INTO auth_permission VALUES(32,8,'view_order','Can view order');
INSERT INTO auth_permission VALUES(33,9,'add_product','Can add product');
INSERT INTO auth_permission VALUES(34,9,'change_product','Can change product');
INSERT INTO auth_permission VALUES(35,9,'delete_product','Can delete product');
INSERT INTO auth_permission VALUES(36,9,'view_product','Can view product');
INSERT INTO auth_permission VALUES(37,10,'add_user','Can add user');
INSERT INTO auth_permission VALUES(38,10,'change_user','Can change user');
INSERT INTO auth_permission VALUES(39,10,'delete_user','Can delete user');
INSERT INTO auth_permission VALUES(40,10,'view_user','Can view user');
INSERT INTO auth_permission VALUES(41,11,'add_orderproduct','Can add order product');
INSERT INTO auth_permission VALUES(42,11,'change_orderproduct','Can change order product');
INSERT INTO auth_permission VALUES(43,11,'delete_orderproduct','Can delete order product');
INSERT INTO auth_permission VALUES(44,11,'view_orderproduct','Can view order product');
INSERT INTO auth_permission VALUES(45,12,'add_cartitem','Can add cart item');
INSERT INTO auth_permission VALUES(46,12,'change_cartitem','Can change cart item');
INSERT INTO auth_permission VALUES(47,12,'delete_cartitem','Can delete cart item');
INSERT INTO auth_permission VALUES(48,12,'view_cartitem','Can view cart item');
INSERT INTO auth_permission VALUES(49,13,'add_classification','Can add classification');
INSERT INTO auth_permission VALUES(50,13,'change_classification','Can change classification');
INSERT INTO auth_permission VALUES(51,13,'delete_classification','Can delete classification');
INSERT INTO auth_permission VALUES(52,13,'view_classification','Can view classification');
INSERT INTO auth_permission VALUES(53,14,'add_contacttype','Can add contact type');
INSERT INTO auth_permission VALUES(54,14,'change_contacttype','Can change contact type');
INSERT INTO auth_permission VALUES(55,14,'delete_contacttype','Can delete contact type');
INSERT INTO auth_permission VALUES(56,14,'view_contacttype','Can view contact type');
INSERT INTO auth_permission VALUES(57,15,'add_contact','Can add contact');
INSERT INTO auth_permission VALUES(58,15,'change_contact','Can change contact');
INSERT INTO auth_permission VALUES(59,15,'delete_contact','Can delete contact');
INSERT INTO auth_permission VALUES(60,15,'view_contact','Can view contact');
INSERT INTO auth_permission VALUES(61,16,'add_faqcategory','Can add faq category');
INSERT INTO auth_permission VALUES(62,16,'change_faqcategory','Can change faq category');
INSERT INTO auth_permission VALUES(63,16,'delete_faqcategory','Can delete faq category');
INSERT INTO auth_permission VALUES(64,16,'view_faqcategory','Can view faq category');
INSERT INTO auth_permission VALUES(65,17,'add_faq','Can add faq');
INSERT INTO auth_permission VALUES(66,17,'change_faq','Can change faq');
INSERT INTO auth_permission VALUES(67,17,'delete_faq','Can delete faq');
INSERT INTO auth_permission VALUES(68,17,'view_faq','Can view faq');
CREATE TABLE IF NOT EXISTS "auth_group" ("id" integer NOT NULL PRIMARY KEY AUTOINCREMENT, "name" varchar(150) NOT NULL UNIQUE);
CREATE TABLE IF NOT EXISTS "auth_user" ("id" integer NOT NULL PRIMARY KEY AUTOINCREMENT, "password" varchar(128) NOT NULL, "last_login" datetime NULL, "is_superuser" bool NOT NULL, "username" varchar(150) NOT NULL UNIQUE, "last_name" varchar(150) NOT NULL, "email" varchar(254) NOT NULL, "is_staff" bool NOT NULL, "is_active" bool NOT NULL, "date_joined" datetime NOT NULL, "first_name" varchar(150) NOT NULL);
INSERT INTO auth_user VALUES(1,'pbkdf2_sha256$870000$6V9t9jXfugqzufN6TBFFdX$br9HKhhpDSZAI63PT3F8BH1MUOhqoidss7j4c0Mwa6c=','2024-09-20 03:47:42.201789',1,'admin','','mrmansly@iinet.net.au',1,1,'2024-09-18 08:15:52.862090','');
CREATE TABLE IF NOT EXISTS "main_order" ("id" integer NOT NULL PRIMARY KEY AUTOINCREMENT, "first_name" varchar(100) NOT NULL, "last_name" varchar(100) NOT NULL, "email" varchar(320) NOT NULL, "mobile" varchar(20) NULL, "home_phone" varchar(20) NULL, "discount" real NOT NULL, "total_price" real NOT NULL, "created_date" datetime NOT NULL, "completed_date" datetime NULL, "requested_delivery_date" datetime NULL);
CREATE TABLE IF NOT EXISTS "main_user" ("id" integer NOT NULL PRIMARY KEY AUTOINCREMENT, "user_name" varchar(50) NOT NULL UNIQUE, "password" varchar(128) NOT NULL, "first_name" varchar(100) NOT NULL, "last_name" varchar(100) NOT NULL, "email" varchar(254) NOT NULL, "mobile" varchar(20) NULL, "home_phone" varchar(20) NULL);
CREATE TABLE IF NOT EXISTS "main_orderproduct" ("id" integer NOT NULL PRIMARY KEY AUTOINCREMENT, "quantity" integer NOT NULL, "order_id" bigint NOT NULL REFERENCES "main_order" ("id") DEFERRABLE INITIALLY DEFERRED, "product_id" bigint NOT NULL REFERENCES "main_product" ("id") DEFERRABLE INITIALLY DEFERRED, "instructions" varchar(255) NULL);
CREATE TABLE IF NOT EXISTS "main_cart" ("id" integer NOT NULL PRIMARY KEY AUTOINCREMENT, "session_id" varchar(40) NULL, "user_id" bigint NULL REFERENCES "main_user" ("id") DEFERRABLE INITIALLY DEFERRED);
INSERT INTO main_cart VALUES(1,'tuiy8cj8bxnx8z8i7ngomidfqvibvqpv',NULL);
INSERT INTO main_cart VALUES(2,NULL,NULL);
INSERT INTO main_cart VALUES(3,'9hm7krjxeosq71swng5md42bfl2syhol',NULL);
INSERT INTO main_cart VALUES(4,'xru9r0y5vch9ybhtm11rkuqr3w4cfzcv',NULL);
INSERT INTO main_cart VALUES(5,'13q76d8buuktvgstgsr16dqtf4vjky53',NULL);
INSERT INTO main_cart VALUES(6,'et7tskqx2s5lmgwhqiwlb2andnwjhp3w',NULL);
INSERT INTO main_cart VALUES(7,'vhso6j7k5h5vgqqefbsglfn0no3vjc69',NULL);
CREATE TABLE IF NOT EXISTS "main_cartitem" ("id" integer NOT NULL PRIMARY KEY AUTOINCREMENT, "cart_id" bigint NOT NULL REFERENCES "main_cart" ("id") DEFERRABLE INITIALLY DEFERRED, "product_id" bigint NOT NULL REFERENCES "main_product" ("id") DEFERRABLE INITIALLY DEFERRED, "quantity" integer NOT NULL, "instructions" varchar(255) NULL);
INSERT INTO main_cartitem VALUES(1,3,10,2,'');
INSERT INTO main_cartitem VALUES(3,3,5,3,'test3');
INSERT INTO main_cartitem VALUES(4,4,5,2,'');
CREATE TABLE IF NOT EXISTS "main_classification" ("id" integer NOT NULL PRIMARY KEY AUTOINCREMENT, "name" varchar(100) NOT NULL UNIQUE, "description" varchar(200) NOT NULL, "order" integer NOT NULL);
INSERT INTO main_classification VALUES(2,'Entrees','Snacks and Entrees',1);
INSERT INTO main_classification VALUES(3,'Vegetable','Vegetable Dishes',3);
INSERT INTO main_classification VALUES(4,'Specialty','Chef Specialty dishes',2);
INSERT INTO main_classification VALUES(5,'Chicken','Chicken Dishes',4);
INSERT INTO main_classification VALUES(6,'Meat','Meat Dishes',5);
INSERT INTO main_classification VALUES(7,'Seafood','Seafood Dishes',6);
INSERT INTO main_classification VALUES(8,'Rice','Rice Dishes',7);
INSERT INTO main_classification VALUES(9,'Dessert','Desserts',8);
CREATE TABLE IF NOT EXISTS "main_product" ("id" integer NOT NULL PRIMARY KEY AUTOINCREMENT, "name" varchar(100) NOT NULL UNIQUE, "description" varchar(400) NOT NULL, "price" real NOT NULL, "active" bool NOT NULL, "classification_id" bigint NULL REFERENCES "main_classification" ("id") DEFERRABLE INITIALLY DEFERRED, "image" varchar(100) NULL, "chilli_level" integer NULL, "contains_peanuts" bool NOT NULL);
INSERT INTO main_product VALUES(1,'Chicken Satay','Tender chicken thigh pieces cooked in a peanut satay sauce.',30.0,1,5,'chicken_satay.png',1,1);
INSERT INTO main_product VALUES(2,'Meat Curry','Slow cooked beef in a tamarind and chilli dark curry sauce.',25.0,1,6,'meat_curry.png',2,0);
INSERT INTO main_product VALUES(3,'Chicken Curry','Delicious chicken drumsticks cooked in a tomato and chilli dark curry sauce.',22.0,1,5,'chicken_curry.png',2,0);
INSERT INTO main_product VALUES(4,'Prawn Curry','Prawns delicately cooked in a paprika infused curry sauce.',30.0,1,7,'prawn_curry.png',2,0);
INSERT INTO main_product VALUES(5,'Lamprais','A traditional Sri Lankan meal for special occasions. Consists of rice and five different curries wrapped in a banana leaf and then wrapped in alfoil packets for freezer storage.  Bulk Price: $130 for 10!',15.0,1,4,'lamprais.png',2,0);
INSERT INTO main_product VALUES(6,'Bowl of Kisses','A collection of sweet meringues with a soft gooey center.',12.0,1,9,'meringues.png',0,0);
INSERT INTO main_product VALUES(7,'Leek Fry','Finely sliced leek fried with chilli, garlic and prawn blachang.',20.0,1,3,'leek_curry.png',2,0);
INSERT INTO main_product VALUES(8,'Yellow Rice','Rice cooked with tumeric.',5.0,1,8,'yellow_rice.png',0,0);
INSERT INTO main_product VALUES(9,'Potato Vegetable Curry','Potato cooked in a mild tumeric and fenugreek sauce.',12.0,1,3,'vegetable_potato_curry.png',0,0);
INSERT INTO main_product VALUES(10,'Bean Curry','Tasty snake beans fried with tomato, onions and spices, and finished in a coconut sauce.',20.0,1,3,'bean_curry.png',2,0);
INSERT INTO main_product VALUES(11,'Sausage Curry','Beef sausages cooked with onion, tomato and spices.',20.0,1,6,'sausage_curry.png',1,0);
INSERT INTO main_product VALUES(12,'Eggplant Curry (Brinjal Pahi)','Fried eggplant cooked with tomato and spices.',20.0,1,3,'egg_plant_curry.png',1,0);
CREATE TABLE IF NOT EXISTS "main_contacttype" ("id" integer NOT NULL PRIMARY KEY AUTOINCREMENT, "type" varchar(20) NOT NULL UNIQUE, "description" varchar(200) NOT NULL, "active" bool NOT NULL);
INSERT INTO main_contacttype VALUES(1,'Food Review','Food Reviews',1);
INSERT INTO main_contacttype VALUES(2,'Feedback','Feedback that you can provide that will make us better',1);
INSERT INTO main_contacttype VALUES(3,'Question','Question about anything',1);
INSERT INTO main_contacttype VALUES(4,'Website','Website Query',1);
CREATE TABLE IF NOT EXISTS "main_contact" ("id" integer NOT NULL PRIMARY KEY AUTOINCREMENT, "title" varchar(50) NOT NULL, "message" text NOT NULL, "preferred_contact" varchar(20) NULL, "email" varchar(254) NULL, "mobile" varchar(20) NULL, "home_phone" varchar(20) NULL, "rating" smallint unsigned NULL CHECK ("rating" >= 0), "created_date" datetime NOT NULL, "type_id" bigint NOT NULL REFERENCES "main_contacttype" ("id") DEFERRABLE INITIALLY DEFERRED, "response_required" bool NOT NULL);
CREATE TABLE IF NOT EXISTS "main_contact_products" ("id" integer NOT NULL PRIMARY KEY AUTOINCREMENT, "contact_id" bigint NOT NULL REFERENCES "main_contact" ("id") DEFERRABLE INITIALLY DEFERRED, "product_id" bigint NOT NULL REFERENCES "main_product" ("id") DEFERRABLE INITIALLY DEFERRED);
CREATE TABLE IF NOT EXISTS "main_faqcategory" ("id" integer NOT NULL PRIMARY KEY AUTOINCREMENT, "category" varchar(50) NOT NULL, "description" varchar(200) NOT NULL, "active" bool NOT NULL, "order" smallint unsigned NOT NULL CHECK ("order" >= 0));
INSERT INTO main_faqcategory VALUES(1,'Food','Questions about the food',1,1);
INSERT INTO main_faqcategory VALUES(2,'Delivery','Questions about delivery',1,2);
INSERT INTO main_faqcategory VALUES(3,'Website','Questions about the website',1,3);
INSERT INTO main_faqcategory VALUES(4,'Complaints','Questions about incorrect orders and complaints',1,4);
CREATE TABLE IF NOT EXISTS "main_faq" ("id" integer NOT NULL PRIMARY KEY AUTOINCREMENT, "question" varchar(100) NOT NULL UNIQUE, "active" bool NOT NULL, "category_id" bigint NOT NULL REFERENCES "main_faqcategory" ("id") DEFERRABLE INITIALLY DEFERRED, "answer" text NOT NULL);
CREATE TABLE IF NOT EXISTS "django_session" ("session_key" varchar(40) NOT NULL PRIMARY KEY, "session_data" text NOT NULL, "expire_date" datetime NOT NULL);
INSERT INTO django_session VALUES('9hm7krjxeosq71swng5md42bfl2syhol','.eJxVjEEOwiAQRe_C2pBCYQCX7j0DoTODVA0kpV0Z765NutDtf-_9l4hpW0vcOi9xJnEWSpx-tynhg-sO6J7qrUlsdV3mSe6KPGiX10b8vBzu30FJvXxrq2HwqJUPgIMKxqghBwrMfnR2ZHasM2cCqykjG-UQNBEGhgwKMor3B8qKOCM:1sqpr7:7sw0f4RJ3EEp5pTP2dhdhE2ZJxwtZseqwxWF09vozBY','2024-10-02 08:16:09.454162');
INSERT INTO django_session VALUES('13q76d8buuktvgstgsr16dqtf4vjky53','.eJxVjEEOwiAQRe_C2pBCYQCX7j0DoTODVA0kpV0Z765NutDtf-_9l4hpW0vcOi9xJnEWSpx-tynhg-sO6J7qrUlsdV3mSe6KPGiX10b8vBzu30FJvXxrq2HwqJUPgIMKxqghBwrMfnR2ZHasM2cCqykjG-UQNBEGhgwKMor3B8qKOCM:1srTra:nAfZh0X_XVvIYWXrMO67SvyyNcA92Ok6b5gytExcVJo','2024-10-04 02:59:18.908695');
INSERT INTO django_session VALUES('vhso6j7k5h5vgqqefbsglfn0no3vjc69','.eJxVjEEOwiAQRe_C2pBCYQCX7j0DoTODVA0kpV0Z765NutDtf-_9l4hpW0vcOi9xJnEWSpx-tynhg-sO6J7qrUlsdV3mSe6KPGiX10b8vBzu30FJvXxrq2HwqJUPgIMKxqghBwrMfnR2ZHasM2cCqykjG-UQNBEGhgwKMor3B8qKOCM:1srUcQ:xX6_RIv2wBvjxgplKD-C5EKG4aaGZx0t6ShtzCPkL9M','2024-10-04 03:47:42.201789');
DELETE FROM sqlite_sequence;
INSERT INTO sqlite_sequence VALUES('django_migrations',41);
INSERT INTO sqlite_sequence VALUES('django_admin_log',62);
INSERT INTO sqlite_sequence VALUES('django_content_type',17);
INSERT INTO sqlite_sequence VALUES('auth_permission',68);
INSERT INTO sqlite_sequence VALUES('auth_group',0);
INSERT INTO sqlite_sequence VALUES('auth_user',1);
INSERT INTO sqlite_sequence VALUES('main_cart',7);
INSERT INTO sqlite_sequence VALUES('main_cartitem',4);
INSERT INTO sqlite_sequence VALUES('main_classification',9);
INSERT INTO sqlite_sequence VALUES('main_product',12);
INSERT INTO sqlite_sequence VALUES('main_contact',0);
INSERT INTO sqlite_sequence VALUES('main_faqcategory',4);
INSERT INTO sqlite_sequence VALUES('main_faq',0);
INSERT INTO sqlite_sequence VALUES('main_contacttype',4);
CREATE UNIQUE INDEX "auth_group_permissions_group_id_permission_id_0cd325b0_uniq" ON "auth_group_permissions" ("group_id", "permission_id");
CREATE INDEX "auth_group_permissions_group_id_b120cbf9" ON "auth_group_permissions" ("group_id");
CREATE INDEX "auth_group_permissions_permission_id_84c5c92e" ON "auth_group_permissions" ("permission_id");
CREATE UNIQUE INDEX "auth_user_groups_user_id_group_id_94350c0c_uniq" ON "auth_user_groups" ("user_id", "group_id");
CREATE INDEX "auth_user_groups_user_id_6a12ed8b" ON "auth_user_groups" ("user_id");
CREATE INDEX "auth_user_groups_group_id_97559544" ON "auth_user_groups" ("group_id");
CREATE UNIQUE INDEX "auth_user_user_permissions_user_id_permission_id_14a6b632_uniq" ON "auth_user_user_permissions" ("user_id", "permission_id");
CREATE INDEX "auth_user_user_permissions_user_id_a95ead1b" ON "auth_user_user_permissions" ("user_id");
CREATE INDEX "auth_user_user_permissions_permission_id_1fbb5f2c" ON "auth_user_user_permissions" ("permission_id");
CREATE INDEX "django_admin_log_content_type_id_c4bce8eb" ON "django_admin_log" ("content_type_id");
CREATE INDEX "django_admin_log_user_id_c564eba6" ON "django_admin_log" ("user_id");
CREATE UNIQUE INDEX "django_content_type_app_label_model_76bd3d3b_uniq" ON "django_content_type" ("app_label", "model");
CREATE UNIQUE INDEX "auth_permission_content_type_id_codename_01ab375a_uniq" ON "auth_permission" ("content_type_id", "codename");
CREATE INDEX "auth_permission_content_type_id_2f476e4b" ON "auth_permission" ("content_type_id");
CREATE INDEX "main_orderproduct_order_id_3eb8c3e5" ON "main_orderproduct" ("order_id");
CREATE INDEX "main_orderproduct_product_id_5a12b476" ON "main_orderproduct" ("product_id");
CREATE INDEX "main_cart_user_id_53cf8b47" ON "main_cart" ("user_id");
CREATE INDEX "main_cartitem_cart_id_8357cf81" ON "main_cartitem" ("cart_id");
CREATE INDEX "main_cartitem_product_id_777783fc" ON "main_cartitem" ("product_id");
CREATE INDEX "main_product_classification_id_13de71a5" ON "main_product" ("classification_id");
CREATE INDEX "main_contact_type_id_cea4c639" ON "main_contact" ("type_id");
CREATE UNIQUE INDEX "main_contact_products_contact_id_product_id_59974144_uniq" ON "main_contact_products" ("contact_id", "product_id");
CREATE INDEX "main_contact_products_contact_id_0e23752c" ON "main_contact_products" ("contact_id");
CREATE INDEX "main_contact_products_product_id_2ed0ec31" ON "main_contact_products" ("product_id");
CREATE INDEX "main_faq_category_id_6a34bd59" ON "main_faq" ("category_id");
CREATE INDEX "django_session_expire_date_a5c62663" ON "django_session" ("expire_date");
COMMIT;
